{
    "values": {
        "Accuracy": 96.8,
        "Sensitivity": 100.0,
        "Specificity": 89.74358974358975,
        "AUC": {
            "0": 1.0,
            "1": 0.9841718485019786,
            "2": 0.984375
        },
        "SSEP": "Please check local image output: Multiclass SSEP.png"
    },
    "lower_bound": 0.0,
    "upper_bound": 0.0
}